Model,Accuracy,Macro F1,Weighted F1
baseline1,0.9633333333333334,0.4327991452991453,0.9495113960113959
