Model,Accuracy,Macro F1,Weighted F1
baseline1,0.9633333333333334,0.4327991452991453,0.9495113960113959
baseline2,0.9466666666666667,0.24315068493150685,0.9304566210045662
baseline1_politics,0.94,0.3421875,0.9169375
baseline1_society,0.96,0.24489795918367346,0.9404081632653061
baseline1_entertainment,0.99,0.49748743718592964,0.9850251256281406
baseline1_smote,0.96,0.36988054607508536,0.9420762229806598
