Model,Accuracy,Macro F1,Weighted F1
baseline1,0.9977777777777778,0.9769823672262696,0.9978774973896926
